{
  "random_forest": {
    "accuracy": 0.88,
    "precision": 0.9054054054054054,
    "recall": 0.8933333333333333,
    "f1_score": 0.8993288590604027,
    "confusion_matrix": [
      [
        86,
        14
      ],
      [
        16,
        134
      ]
    ]
  },
  "xgboost": {
    "accuracy": 0.892,
    "precision": 0.896774193548387,
    "recall": 0.9266666666666666,
    "f1_score": 0.9114754098360656,
    "confusion_matrix": [
      [
        84,
        16
      ],
      [
        11,
        139
      ]
    ]
  },
  "stacking": {
    "accuracy": 0.852,
    "precision": 0.8598726114649682,
    "recall": 0.9,
    "f1_score": 0.8794788273615635,
    "confusion_matrix": [
      [
        78,
        22
      ],
      [
        15,
        135
      ]
    ]
  }
}